,models,mse,ljb
0,Holt-Winters,80324.1355,17055.560919432104
1,Average-Method,11074.3459,21037.197589952168
2,Naive-Method,5381.1617,1129.4029619715498
3,Drift-Method,5385.1842,1128.9660496604856
4,SES-Method,5717.6955,2705.998085198953
5,Linear-Regression,9156.2115,12769.092637985037
6,ARMA-3-0,4614.1882,40.116972916259854
7,ARMA-3-3,4527.7083,1.1458816883351817
8,"ARIMA(3,0,0)x(0,3,0,12)",57564.6157,
9,LSTM,11369.3577,16878.57053266823
